2018-01-02,34.516129,34.648956,34.383301,34.573055,30.019213,17059833
2018-01-03,34.582542,34.886147,34.373814,34.829224,30.241638,14183151
2018-01-04,34.829224,35.028461,34.724857,34.905125,30.307539,13046517
2018-01-05,34.933586,34.990513,34.734344,34.971539,30.3652,13167517
2018-01-08,34.838711,34.914612,34.468693,34.582542,30.027454,19964341
2018-01-09,34.573055,34.76281,34.497154,34.544594,29.994497,16876226
2018-01-10,34.478176,34.734344,34.449715,34.601517,30.043926,18755825
2018-01-11,34.76281,34.819733,34.554081,34.686909,30.118074,15102555
2018-01-12,34.753323,34.914612,34.59203,34.667931,30.101591,20240700
2018-01-16,34.696396,35.085388,34.601517,34.724857,30.151022,30536699
2018-01-17,34.933586,35.455406,34.886147,35.275143,30.628826,25332363
2018-01-18,35.265656,35.265656,34.819733,35.094875,30.472294,19946528
2018-01-19,35.28463,35.370018,34.629982,35.04744,30.431108,31133684
2018-01-22,35,35.170776,34.848198,35.037952,30.422876,21380495
2018-01-23,34.933586,35.180267,34.667931,34.933586,30.332254,18527212
2018-01-24,35.094875,35.170776,34.848198,35.037952,30.422876,18673191
2018-01-25,35.075901,35.426945,35.009487,35.322582,30.670017,18988232
2018-01-26,35.388992,37.087288,35.388992,37.011387,32.136375,51441419
2018-01-29,37.0019,37.409866,36.78368,37.020874,32.144615,36779014
2018-01-30,36.252373,36.764706,35.436432,35.863377,31.139574,48483684
2018-01-31,35.97723,36.043644,34.943073,35.142315,30.513491,35859926
2018-02-01,34.734344,35.483871,34.734344,34.943073,30.62158,29697926
2018-02-02,34.724857,35.341557,34.639469,34.734344,30.43866,25588907
2018-02-05,34.611008,34.819733,32.258064,32.893738,28.825689,42463657
2018-02-06,32.409866,33.662239,32.258064,33.472485,29.332863,56035067
2018-02-07,33.33017,33.823528,33.178368,33.187855,29.083431,30955980
2018-02-08,33.206833,33.368122,31.878557,31.907021,27.961,45850792
2018-02-09,32.438332,32.666035,31.49905,32.409866,28.401659,49851776
2018-02-12,32.685009,33.083492,32.28653,32.884251,28.817377,38743670
2018-02-13,32.798862,33.235294,32.64706,33.149906,29.05018,21559570
2018-02-14,32.922199,33.529411,32.789375,33.387096,29.258036,24494749
2018-02-15,33.557877,33.899429,33.28273,33.880455,29.690376,22588379
2018-02-16,33.927895,34.781784,33.851994,34.402279,30.147665,27659595
2018-02-20,34.174572,34.620495,34.041744,34.165085,29.939804,27202370
2018-02-21,34.127136,34.71537,33.899429,33.927895,29.731949,25872327
2018-02-22,34.032257,34.297913,33.78558,33.908916,29.715321,23983454
2018-02-23,34.089184,34.440228,33.994308,34.402279,30.147665,17940029
2018-02-26,34.43074,35.303604,34.354839,35.189754,30.837753,25407302
2018-02-27,35.170776,35.332069,34.857685,34.914612,30.596638,23543093
2018-02-28,35.132828,35.370018,34.449715,34.449715,30.189236,28360927
2018-03-01,34.269451,34.411766,33.396584,33.804554,29.623859,30282896
2018-03-02,33.728653,34.222012,33.586338,34.108158,29.889919,22271336
2018-03-05,33.984821,34.421253,33.937382,34.269451,30.031265,22319609
2018-03-06,34.383301,34.383301,33.918407,34.041744,29.831715,18003479
2018-03-07,33.776093,34.231499,33.728653,34.089184,29.873293,23440328
2018-03-08,34.146111,34.629982,34.089184,34.629982,30.347198,21646630
2018-03-09,34.734344,35.028461,34.658443,34.886147,30.571692,19300743
2018-03-12,35.028461,35.104362,34.629982,34.734344,30.43866,26571656
2018-03-13,34.914612,35.066414,34.563568,34.867172,30.555059,29560695
2018-03-14,34.95256,35.094875,34.326378,34.487667,30.22249,23378458
2018-03-15,34.487667,34.924099,34.487667,34.705883,30.413717,20508310
2018-03-16,34.76281,35.142315,34.743832,34.895638,30.580006,34125253
2018-03-19,34.914612,34.914612,34.231499,34.468693,30.205868,20003761
2018-03-20,34.506641,34.677418,34.269451,34.468693,30.205868,20295824
2018-03-21,34.620495,34.848198,34.345352,34.411766,30.155979,19071392
2018-03-22,34.184059,34.288425,33.652752,33.776093,29.598917,22094686
2018-03-23,33.671726,33.681213,32.675522,32.722961,28.676035,29385731
2018-03-26,33.140415,33.349148,32.561668,33.244781,29.133318,24926468
2018-03-27,33.377609,33.73814,32.9981,33.21632,29.108377,28835227
2018-03-28,33.377609,33.97533,33.320683,33.491463,29.349493,26349684
2018-03-29,33.700191,33.842506,33.273247,33.671726,29.50746,24804731
2018-04-02,33.605312,33.908916,32.979126,33.254269,29.141636,28323299
2018-04-03,33.311195,33.908916,33.130932,33.851994,29.665432,21347927
2018-04-04,33.510437,34.373814,33.434536,34.278938,30.039577,22010682
2018-04-05,33.842506,34.155598,33.709679,33.899429,29.707003,25781789
2018-04-06,33.73814,34.032257,33.102467,33.368122,29.241407,22288200
2018-04-09,33.491463,34.089184,33.415562,33.643265,29.482515,20457297
2018-04-10,34.155598,34.250473,33.889942,34.108158,29.889919,20667254
2018-04-11,33.899429,34.222012,33.766602,33.956356,29.756893,13879915
2018-04-12,34.184059,34.629982,34.127136,34.459202,30.197548,23817976
2018-04-13,34.544594,34.629982,34.278938,34.459202,30.197548,17774340
2018-04-16,34.629982,34.848198,34.525616,34.658443,30.372152,15932369
2018-04-17,34.867172,34.895638,34.411766,34.468693,30.205868,17675580
2018-04-18,34.516129,34.71537,34.421253,34.620495,30.338894,14652497
2018-04-19,34.525616,34.810246,34.411766,34.658443,30.372152,16636652
2018-04-20,34.629982,34.905125,34.601517,34.753323,30.455292,22371993
2018-04-23,34.791271,35,34.724857,34.914612,30.596638,25381058
2018-04-24,35.018974,35.360531,34.886147,35.161289,30.812805,27106350
2018-04-25,35.028461,35.142315,34.639469,34.800758,30.496862,27730213
2018-04-26,34.914612,35.199242,34.867172,34.962048,30.638203,20405651
2018-04-27,34.895638,35.208729,34.819733,35.104362,30.762917,14425149
2018-04-30,35.227703,35.275143,34.535103,34.734344,30.43866,28295789
2018-05-01,33.757114,34.203037,32.865276,33.586338,29.432631,51278154
2018-05-02,33.368122,33.557877,32.960152,33.102467,29.008606,29550260
2018-05-03,33.036053,33.092979,32.656548,32.979126,28.900515,23517902
2018-05-04,32.789375,33.197342,32.609108,33.055027,28.967028,19795912
2018-05-07,33.007591,33.33017,32.93169,33.140415,29.041857,21580018
2018-05-08,33.121441,33.292221,32.93169,33.187855,29.083431,28269650
2018-05-09,33.225807,33.595825,33.083492,33.368122,29.241407,20430209
2018-05-10,33.206833,33.50095,33.102467,33.244781,29.417709,30906653
2018-05-11,33.33017,33.73814,33.273247,33.681213,29.803896,21619964
2018-05-14,33.690701,34.079697,33.671726,34.02277,30.106138,21485052
2018-05-15,33.690701,33.946869,33.662239,33.861481,29.963413,19345643
2018-05-16,33.899429,34.041744,33.747627,33.851994,29.955019,21870711
2018-05-17,33.804554,33.946869,33.624287,33.880455,29.980206,13021432
2018-05-18,33.78558,33.918407,33.614799,33.814041,29.921436,15734639
2018-05-21,33.880455,34.032257,33.700191,33.965843,30.055763,17802903
2018-05-22,33.965843,34.240986,33.861481,33.889942,29.988598,14477322
2018-05-23,33.851994,34.184059,33.804554,34.127136,30.198483,20358642
2018-05-24,34.117645,34.240986,33.937382,34.051231,30.131323,17523066
2018-05-25,33.984821,34.079697,33.719166,33.851994,29.955019,15005376
2018-05-29,33.557877,33.899429,33.510437,33.870968,29.971813,28179639
2018-05-30,34.108158,34.392788,34.060722,34.203037,30.26565,29093773
2018-05-31,34.108158,34.345352,34.051231,34.089184,30.164906,30926468
2018-06-01,34.402279,34.421253,34.25996,34.392788,30.433561,22345011
2018-06-04,34.544594,34.686909,34.373814,34.582542,30.601469,19015319
2018-06-05,34.639469,34.76281,34.478176,34.573055,30.593073,21476093
2018-06-06,34.535103,34.696396,34.335861,34.516129,30.542696,19368093
2018-06-07,34.620495,34.71537,34.506641,34.620495,30.635048,17083337
2018-06-08,34.658443,34.829224,34.582542,34.791271,30.786177,16453783
2018-06-11,34.914612,34.914612,34.421253,34.440228,30.475531,19505640
2018-06-12,34.525616,34.535103,34.297913,34.440228,30.475531,16371887
2018-06-13,34.506641,34.639469,34.345352,34.364326,30.408371,16029232
2018-06-14,34.364326,34.525616,34.203037,34.3074,30.358,19959387
2018-06-15,34.335861,34.525616,34.184059,34.497154,30.525909,49156979
2018-06-18,34.278938,34.364326,33.899429,34.3074,30.358,24143451
2018-06-19,34.051231,34.497154,34.032257,34.364326,30.408371,18484630
2018-06-20,34.43074,34.705883,34.354839,34.59203,30.609869,21354251
2018-06-21,34.411766,34.497154,34.297913,34.440228,30.475531,16893090
2018-06-22,34.620495,34.76281,34.535103,34.639469,30.651842,27018447
2018-06-25,34.459202,34.59203,34.288425,34.516129,30.542696,20424517
2018-06-26,34.535103,34.71537,34.440228,34.516129,30.542696,25435023
2018-06-27,34.440228,34.677418,34.326378,34.354839,30.399981,29396165
2018-06-28,34.25996,34.620495,34.25996,34.497154,30.525909,16506167
2018-06-29,34.582542,34.705883,34.421253,34.421253,30.458742,20974705
2018-07-02,34.155598,34.506641,34.155598,34.468693,30.500729,14556372
2018-07-03,34.525616,34.705883,34.383301,34.487667,30.517511,9608159
2018-07-05,34.667931,35.018974,34.639469,34.981026,30.954077,20391106
2018-07-06,35.104362,35.332069,34.990513,35.208729,31.155569,18955452
2018-07-09,35.360531,35.550285,35.113853,35.256168,31.197548,22329412
2018-07-10,35.388992,35.578747,35.294117,35.512333,31.424219,20253875
2018-07-11,35.341557,35.493359,35.256168,35.303604,31.239525,17795314
2018-07-12,35.493359,35.635674,35.303604,35.597721,31.499783,16974881
2018-07-13,35.578747,35.664139,35.313091,35.607212,31.508179,15227243
2018-07-16,35.559772,35.626186,35.379505,35.464897,31.382248,17888699
2018-07-17,35.540798,35.834915,35.531307,35.721062,31.608923,15740014
2018-07-18,35.664139,35.796963,35.559772,35.730549,31.617315,20803430
2018-07-19,35.531307,35.673622,35.398483,35.445919,31.365458,16596811
2018-07-20,35.294117,35.417458,35.218216,35.417458,31.340269,15532798
2018-07-23,35.426945,35.588234,35.23719,35.303604,31.239525,20853074
2018-07-24,35.455406,35.815941,35.360531,35.768501,31.650902,17804800
2018-07-25,35.74004,36.119545,35.635674,36.043644,31.894375,17171030
2018-07-26,36.091084,36.404175,36.091084,36.204933,32.03709,24840567
2018-07-27,36.148006,36.508537,36.119545,36.442123,32.246979,22111971
2018-07-30,36.394688,36.698292,36.223907,36.612904,32.398098,21981486
2018-07-31,36.252373,37.941177,36.185959,37.884251,33.523083,50837371
2018-08-01,37.599621,38.254269,37.514233,38.206833,33.808537,32734605
2018-08-02,37.590134,38.159393,37.504745,37.618595,33.571461,31879284
2018-08-03,37.590134,38.576851,37.466793,38.462997,34.32502,27368375
2018-08-06,38.292221,39.108158,38.263756,38.937382,34.748371,27479572
2018-08-07,38.757114,39.136623,38.700191,38.747627,34.579029,18928575
2018-08-08,38.624287,39.506641,38.50095,39.288425,35.061642,25837440
2018-08-09,39.184059,39.250473,38.719166,38.899429,34.714493,20121282
2018-08-10,38.719166,39.193546,38.614799,38.833015,34.655235,18194148
2018-08-13,38.851994,39.098671,38.719166,38.719166,34.553635,19860627
2018-08-14,38.747627,38.937382,38.462997,38.624287,34.46896,17336824
2018-08-15,38.709679,39.127136,38.567364,39.051231,34.849968,22428488
2018-08-16,39.117645,39.345352,38.965843,39.297913,35.07011,16457472
2018-08-17,39.354839,40.028461,39.345352,39.933586,35.63739,25910693
2018-08-20,40.037952,40.578747,39.933586,40.161289,35.840607,22521029
2018-08-21,40.161289,40.265656,39.838711,40,35.696663,18633244
2018-08-22,39.990513,40.170776,39.667931,39.914612,35.620461,15001687
2018-08-23,39.95256,40.151802,39.810246,40.037952,35.730537,21032148
2018-08-24,40.256168,40.313091,39.848198,40.227703,35.899872,21661703
2018-08-27,40.341557,40.436432,39.193546,39.449715,35.205578,24485896
2018-08-28,39.478176,39.639469,39.203037,39.373814,35.137844,19871694
2018-08-29,39.373814,39.487667,39.060722,39.373814,35.137844,15785020
2018-08-30,39.117645,39.76281,39.089184,39.373814,35.137844,16015425
2018-08-31,39.174572,39.449715,38.984821,39.392788,35.154781,20983559
2018-09-04,39.354839,39.421253,39.108158,39.250473,35.027782,15274779
2018-09-05,39.174572,39.772297,39.146111,39.705883,35.434193,21819908
2018-09-06,39.705883,39.76281,39.326378,39.639469,35.37492,18356780
2018-09-07,39.459202,40.180267,39.335861,40.037952,35.730537,21221658
2018-09-10,40.208729,40.531307,39.895638,39.905125,35.611992,21482206
2018-09-11,39.848198,40.256168,39.800758,40.142315,35.823666,19658786
2018-09-12,40.132828,40.597721,40.113853,40.23719,35.908344,17508205
2018-09-13,40.322582,40.721062,40.256168,40.654648,36.280884,18666129
2018-09-14,40.559772,40.796963,40.322582,40.759014,36.374027,16800655
2018-09-17,40.815941,40.967743,40.550285,40.806454,36.416355,16904263
2018-09-18,40.796963,41.442123,40.635674,41.280834,36.839699,20464991
2018-09-19,41.195446,41.442123,40.787476,41.043644,36.628033,23783088
2018-09-20,41.148006,41.631878,41.129032,41.508537,37.042912,18419809
2018-09-21,41.537003,41.935486,41.375713,41.802658,37.305389,37092579
2018-09-24,41.688805,42.182163,41.584438,41.679317,37.195313,18089591
2018-09-25,41.869068,42.020874,41.518028,41.54649,37.076778,15318520
2018-09-26,41.593929,42.039848,41.404175,41.442123,36.983635,18384817
2018-09-27,41.54649,41.916508,41.442123,41.650852,37.16991,14887434
2018-09-28,41.679317,41.878559,41.489563,41.812145,37.31385,15454591
2018-10-01,41.774193,42.23909,41.660343,42.0019,37.483196,16872537
2018-10-02,41.944973,42.115749,41.869068,41.95446,37.440861,18167693
2018-10-03,42.011387,42.542694,42.011387,42.514233,37.940411,23957631
2018-10-04,42.248577,42.495255,42.020874,42.409866,37.847267,18960406
2018-10-05,42.419353,42.694496,42.314991,42.609108,38.02507,18112568
2018-10-08,42.457306,42.9981,42.409866,42.960152,38.338352,24679621
2018-10-09,42.685009,43.462997,42.495255,43.140415,38.499214,21486844
2018-10-10,43.121441,43.387096,42.201138,42.229603,37.686405,33746234
2018-10-11,42.087288,42.210625,40.227703,40.616699,36.247017,44299198
2018-10-12,40.578747,41.707779,40.455406,41.537003,37.06831,30417070
2018-10-15,41.413662,41.470589,40.777988,40.910816,36.509487,24002742
2018-10-16,41.129032,41.726753,40.834915,41.679317,37.195313,22353654
2018-10-17,41.527515,42.504745,41.508537,42.28653,37.737206,23154167
2018-10-18,42.06831,42.220116,41.470589,41.745731,37.254589,22498368
2018-10-19,41.793167,42.533207,41.726753,42.220116,37.677937,19564875
2018-10-22,42.163189,42.229603,41.764706,42.096775,37.56786,18026878
2018-10-23,41.641365,42.049335,41.451614,41.840607,37.339256,23073114
2018-10-24,41.565464,42.020874,40.189754,40.303604,35.967602,36927206
2018-10-25,40.218216,41.688805,39.525616,41.185959,36.755043,38600642
2018-10-26,40.844402,41.062618,40.018974,40.417458,36.069214,30295333
2018-10-29,40.749527,41.442123,40.379505,41.015179,36.602627,31847559
2018-10-30,39.800758,40.882355,39.639469,40.6926,36.314758,35424202
2018-10-31,40.806454,41.423149,40.521824,40.853889,36.458691,28193235
2018-11-01,40.986717,41.584438,40.882355,41.432636,36.975178,24278152
2018-11-02,41.518028,41.593929,40.303604,40.730549,36.348621,24223028
2018-11-05,40.635674,41.385201,40.635674,41.290321,36.848171,21628396
2018-11-06,41.347248,41.356735,40.502846,40.806454,36.416355,22194183
2018-11-07,41.157494,42.277039,41.072105,42.125237,37.593258,36794929
2018-11-08,41.612904,41.935486,41.242886,41.603416,37.414089,25696520
2018-11-09,41.480076,42.324478,41.480076,42.011387,37.780972,26042654
2018-11-12,42.011387,42.267551,41.650852,41.850094,37.635925,21853847
2018-11-13,42.058823,42.182163,41.129032,41.290321,37.132523,20159015
2018-11-14,41.518028,41.603416,40.521824,40.711575,36.612057,28398871
2018-11-15,40.512333,41.166985,40.180267,40.996204,36.868019,25936305
2018-11-16,40.891842,41.537003,40.711575,41.280834,37.123985,24604576
2018-11-19,41.385201,42.0019,41.280834,41.916508,37.695648,23671575
2018-11-20,41.755219,42.115749,41.176472,41.299809,37.141048,22968557
2018-11-21,41.271347,41.271347,40.578747,40.891842,36.774162,19665848
2018-11-23,40.749527,41.318787,40.607212,40.92979,36.808285,8844009
2018-11-26,41.100571,41.26186,40.683113,41.119545,36.978943,20147948
2018-11-27,40.986717,41.888046,40.768501,41.812145,37.601791,19765873
2018-11-28,42.020874,42.618595,41.840607,42.599621,38.309975,19892669
2018-11-29,42.466793,43.481972,42.409866,43.178368,38.830448,26065315
2018-11-30,43.026566,43.889942,42.960152,43.861481,39.444767,45054495
2018-12-03,43.994308,44.003796,43.415562,43.633778,39.239998,26771178
2018-12-04,43.861481,44.089184,42.798862,42.827324,38.514748,28703898
2018-12-06,42.296017,42.685009,41.385201,42.675522,38.378235,32188528
2018-12-07,42.52372,42.637569,41.442123,41.66983,37.473812,27963885
2018-12-10,41.878559,42.277039,40.863377,42.125237,37.883358,26187895
2018-12-11,41.821632,42.229603,41.337761,41.755219,37.550598,23904931
2018-12-12,42.077801,42.552181,41.888046,41.897533,37.678585,20180938
2018-12-13,42.182163,42.599621,41.944973,42.28653,38.028412,23613921
2018-12-14,41.821632,41.859585,41.204933,41.555977,37.371426,33024982
2018-12-17,41.271347,41.71727,40.777988,40.901329,36.782696,38651866
2018-12-18,41.242886,41.271347,39.886147,40.227703,36.176903,31125779
2018-12-19,40.635674,40.787476,39.43074,39.819733,35.810013,36937957
2018-12-20,39.573055,40.23719,39.402279,39.800758,35.79295,34494680
2018-12-21,39.506641,40.673622,39.326378,39.781784,35.775887,61928192
2018-12-24,39.667931,39.810246,38.444023,38.472485,34.598431,19778205
2018-12-26,38.576851,40.037952,38.349148,40.028461,35.99773,25437131
2018-12-27,39.667931,40.654648,39.146111,40.654648,36.560856,28894672
2018-12-28,40.815941,41.309299,40.616699,40.759014,36.654709,25480977
2018-12-31,40.996204,41.489563,40.891842,41.413662,37.243435,20534028
2019-01-02,40.910816,41.271347,40.455406,41.034157,36.902149,26430315
2019-01-03,41.02467,41.119545,39.800758,39.886147,35.869743,28503533
2019-01-04,40.265656,41.129032,40.094875,40.796963,36.688839,27145348
2019-01-07,40.863377,41.385201,40.664139,41.015179,36.885078,20995469
2019-01-08,41.328274,41.461102,40.939278,41.204933,37.055725,19677231
2019-01-09,41.233398,41.432636,40.986717,41.119545,36.978943,20107580
2019-01-10,41.005692,41.015179,39.876659,40.142315,36.100109,39731162
2019-01-11,40.161289,40.683113,39.990513,40.683113,36.586452,21064506
2019-01-14,40.370018,40.445919,40.009487,40.199242,36.151306,17605173
2019-01-15,40.417458,41.02467,40.256168,40.540798,36.458466,25865371
2019-01-16,40.40797,40.597721,39.876659,39.95256,35.929462,30169380
2019-01-17,39.800758,40.474384,39.686909,40.294117,36.236629,24177284
2019-01-18,40.664139,40.683113,40.094875,40.351044,36.287823,38618455
2019-01-22,40.23719,40.502846,39.781784,40.104362,36.065983,29444122
2019-01-23,39.838711,40.037952,39.421253,40,35.97213,24462813
2019-01-24,39.639469,39.648956,38.538898,38.851994,34.939724,34394023
2019-01-25,38.994308,39.136623,38.434536,38.557877,34.67522,35862455
2019-01-28,38.425049,38.45351,37.457306,37.504745,33.728138,39329694
2019-01-29,37.47628,38.757114,37.447819,38.681213,34.786137,51376808
2019-01-30,38.681213,39.611008,38.643265,39.449715,35.477249,36067880
2019-01-31,39.25996,40.436432,39.231499,40.275143,36.535892,40927452
2019-02-01,40.673622,40.910816,40.370018,40.683113,36.905987,27239681
2019-02-04,40.645161,40.645161,39.810246,40.265656,36.527283,19426485
2019-02-05,40.256168,40.540798,39.905125,39.95256,36.243256,21127641
2019-02-06,39.772297,40.199242,39.648956,40.161289,36.432613,16450410
2019-02-07,39.95256,39.990513,39.098671,39.563568,35.890381,24248008
2019-02-08,39.402279,40.075901,39.364326,40.066414,36.346546,27500125
2019-02-11,40.113853,40.142315,39.383301,39.544594,35.873169,27102134
2019-02-12,39.573055,39.857685,39.269451,39.724857,36.036697,30540177
2019-02-13,39.772297,39.905125,39.269451,39.563568,35.890381,24757195
2019-02-14,39.563568,39.962048,39.487667,39.819733,36.122761,19864949
2019-02-15,40.208729,40.332069,39.924099,40.227703,36.492855,19168993
2019-02-19,40.075901,40.664139,40.028461,40.417458,36.664993,24432985
2019-02-20,40.351044,40.379505,39.781784,40.037952,36.320721,27354884
2019-02-21,39.867172,40.151802,39.71537,39.981026,36.269077,19611883
2019-02-22,40.132828,40.920303,40.056927,40.759014,36.974838,24779329
2019-02-25,40.834915,41.148006,40.74004,40.872864,37.078117,25274815
2019-02-26,40.759014,41.015179,40.607212,40.815941,37.026474,16548959
2019-02-27,40.777988,41.005692,40.616699,40.730549,36.949017,16475074
2019-02-28,40.749527,41.537003,40.673622,41.129032,37.310505,39002427
2019-03-01,41.375713,41.54649,41.072105,41.138519,37.319115,26667781
2019-03-04,41.21442,41.356735,40.683113,40.863377,37.069511,22805820
2019-03-05,40.882355,41.034157,40.654648,40.6926,36.914597,26529812
2019-03-06,40.626186,40.673622,39.487667,39.71537,36.028088,22410359
2019-03-07,39.71537,39.743832,39.136623,39.269451,35.623569,29046132
2019-03-08,39.212524,39.316887,38.273247,38.795067,35.19323,31306119
2019-03-11,38.994308,39.392788,38.709679,39.373814,35.718243,29161545
2019-03-12,39.563568,39.772297,39.250473,39.59203,35.916195,24170539
2019-03-13,39.724857,39.971539,39.421253,39.857685,36.157188,23715316
2019-03-14,39.848198,39.924099,39.02277,39.079697,35.451435,32119596
2019-03-15,39.117645,39.734344,38.766602,39.639469,35.959232,74768652
2019-03-18,39.629982,39.914612,39.516129,39.667931,35.985058,18994345
2019-03-19,39.819733,40.256168,39.611008,40.132828,36.406792,26403227
2019-03-20,40.037952,40.227703,39.639469,40.009487,36.294899,23499035
2019-03-21,39.781784,40.455406,39.724857,40.180267,36.449829,24262553
2019-03-22,40.037952,40.436432,39.686909,39.705883,36.019489,19620105
2019-03-25,39.667931,39.990513,39.535103,39.743832,36.053913,19823316
2019-03-26,40.037952,40.512333,39.971539,40.246677,36.510059,20849279
2019-03-27,40.170776,40.455406,39.772297,39.867172,36.165802,19455048
2019-03-28,40.018974,40.199242,39.905125,40.123341,36.398182,16915541
2019-03-29,40.227703,40.398483,40.028461,40.294117,36.553104,21681834
2019-04-01,40.398483,40.74004,40.370018,40.645161,36.871559,20345046
2019-04-02,40.749527,40.967743,40.550285,40.711575,36.931808,18625129
2019-04-03,40.787476,40.863377,40.370018,40.645161,36.871559,16200402
2019-04-04,40.597721,40.721062,40.322582,40.550285,36.785492,12990972
2019-04-05,40.777988,41.062618,40.6926,40.787476,37.000656,15559043
2019-04-08,40.863377,41.062618,40.711575,40.92979,37.129757,15410323
2019-04-09,40.777988,40.796963,40.398483,40.645161,36.871559,18825072
2019-04-10,40.721062,40.721062,40.464897,40.540798,36.776882,13202615
2019-04-11,40.597721,40.635674,39.838711,40.104362,36.38097,20214877
2019-04-12,40.170776,40.170776,39.449715,39.573055,35.898991,21338546
2019-04-15,39.71537,39.962048,39.345352,39.933586,36.226044,18362788
2019-04-16,40.056927,40.132828,38.73814,38.823528,35.219048,27506976
2019-04-17,38.804554,38.899429,37.371918,37.836811,34.32394,42412117
2019-04-18,37.884251,37.884251,36.451614,37.362431,33.893604,50579774
2019-04-22,37.030361,37.47628,36.821632,36.982922,33.549328,31018904
2019-04-23,37.087288,37.609108,36.888046,37.400379,33.928024,26672102
2019-04-24,37.47628,37.609108,37.153702,37.35294,33.884995,21196994
2019-04-25,37.23909,37.789375,37.163189,37.580647,34.091564,18130065
2019-04-26,37.637569,37.941177,37.428844,37.922199,34.401402,20053193
2019-04-29,37.922199,37.969639,37.561668,37.561668,34.074345,23229001
2019-04-30,38.33017,39.07021,37.76091,38.529411,34.952236,34360400
2019-05-01,38.510437,38.823528,38.111954,38.681213,35.089951,20703406
2019-05-02,38.719166,38.918407,38.50095,38.908916,35.296513,20471210
2019-05-03,39.108158,39.373814,38.927895,39.269451,35.623569,18664759
2019-05-06,38.814041,39.629982,38.747627,39.516129,35.847347,25973406
2019-05-07,39.269451,39.573055,38.425049,38.73814,35.141594,27603838
2019-05-08,38.709679,38.927895,38.368122,38.851994,35.244869,23811968
2019-05-09,38.235294,38.747627,38.16888,38.557877,35.288284,19732461
2019-05-10,38.548386,38.728653,37.827324,38.633778,35.357754,17391527
2019-05-13,38.16888,38.567364,38.092979,38.491463,35.227505,28010788
2019-05-14,38.510437,38.776093,38.481972,38.576851,35.305653,26772759
2019-05-15,38.766602,39.174572,38.614799,39.041744,35.731125,33520678
2019-05-16,39.041744,39.829224,39.041744,39.506641,36.156601,25508486
2019-05-17,39.184059,39.667931,39.136623,39.345352,36.008991,29187684
2019-05-20,39.278938,39.573055,39.165085,39.459202,36.113186,24251591
2019-05-21,39.573055,39.667931,39.364326,39.535103,36.182648,28785056
2019-05-22,39.554081,40.04744,39.421253,39.838711,36.460506,25274604
2019-05-23,39.696396,39.829224,39.516129,39.772297,36.399731,25495944
2019-05-24,39.905125,40.142315,39.724857,39.800758,36.425777,15383341
2019-05-28,39.990513,40.303604,39.743832,39.753323,36.382359,49440610
2019-05-29,39.563568,39.696396,39.165085,39.582542,36.226067,26895761
2019-05-30,39.544594,39.800758,39.449715,39.753323,36.382359,17344308
2019-05-31,39.554081,39.829224,39.326378,39.392788,36.052402,22639288
2019-06-03,39.497154,40.028461,39.440228,39.772297,36.399731,22643082
2019-06-04,40.303604,40.559772,39.886147,40.066414,36.668903,18453537
2019-06-05,40.417458,40.645161,40.23719,40.303604,36.885979,21418861
2019-06-06,40.607212,40.882355,40.303604,40.521824,37.085693,24494222
2019-06-07,40.777988,41.034157,40.664139,40.721062,37.268036,20023470
2019-06-10,41.02467,41.02467,40.483871,40.863377,37.398289,15275727
2019-06-11,40.986717,41.081593,40.370018,40.483871,37.050968,18813162
2019-06-12,40.294117,40.958256,40.28463,40.872864,37.406971,16296843
2019-06-13,40.863377,40.92979,40.199242,40.322582,36.903355,14464042
2019-06-14,40.341557,40.673622,40.303604,40.56926,37.129112,13197872
2019-06-17,40.512333,40.702087,40.180267,40.683113,37.233311,14094931
2019-06-18,40.626186,41.110058,40.626186,40.863377,37.398289,22833434
2019-06-19,40.958256,41.356735,40.882355,41.271347,37.771667,21753611
2019-06-20,41.584438,41.850094,41.280834,41.366222,37.858498,23500300
2019-06-21,41.318787,41.745731,41.091084,41.432636,37.919273,38141203
2019-06-24,41.451614,41.650852,41.242886,41.518028,37.997425,24624075
2019-06-25,41.603416,42.020874,41.518028,41.518028,37.997425,28429015
2019-06-26,41.442123,41.555977,40.322582,40.787476,37.328819,41009348
2019-06-27,40.815941,41.328274,40.806454,41.204933,37.710884,21994977
2019-06-28,41.223907,41.480076,40.777988,41.100571,37.615372,39726209
2019-07-01,41.280834,41.631878,41.119545,41.527515,38.006111,21341392
2019-07-02,41.442123,41.95446,41.423149,41.95446,38.396851,16541898
2019-07-03,42.096775,42.277039,41.726753,42.125237,38.553139,10297580
2019-07-05,42.039848,42.077801,41.537003,41.66983,38.136364,18295227
2019-07-08,41.555977,41.622391,40.777988,41.081593,37.598,23955312
2019-07-09,41.195446,41.555977,41.081593,41.148006,37.658783,14223308
2019-07-10,41.413662,41.850094,41.21442,41.802658,38.257923,15298599
2019-07-11,41.100571,41.328274,40.208729,40.777988,37.320145,38383518
2019-07-12,40.711575,40.787476,39.857685,40.227703,36.816517,33580967
2019-07-15,40.104362,40.578747,40.075901,40.559772,37.12043,20363912
2019-07-16,40.597721,40.768501,40.303604,40.654648,37.20726,19553386
2019-07-17,40.882355,40.97723,40.540798,40.550285,37.111748,16341532
2019-07-18,40.664139,40.853889,40.370018,40.853889,37.389606,13728877
2019-07-19,40.97723,40.996204,40.578747,40.578747,37.137794,23552579
2019-07-22,40.635674,40.815941,40.370018,40.626186,37.181213,12552086
2019-07-23,40.654648,41.015179,40.559772,40.882355,37.415657,19586904
2019-07-24,40.796963,40.796963,40.199242,40.6926,37.241993,18117838
2019-07-25,40.635674,40.796963,40.351044,40.483871,37.050968,17514634
2019-07-26,40.474384,40.958256,40.256168,40.882355,37.415657,21062187
2019-07-29,40.009487,40.796963,39.222012,39.326378,35.991623,64559186
2019-07-30,37.789375,38.178368,36.622391,36.802658,33.681908,95739668
2019-07-31,36.622391,37.637569,36.537003,36.850094,33.725315,56309423
2019-08-01,36.347248,36.641365,35.749527,36.290321,33.523739,51624920
2019-08-02,36.290321,36.565464,35.815941,36.053131,33.304626,29153640
2019-08-05,35.825428,35.891842,34.544594,35.066414,32.393139,46030183
2019-08-06,35.28463,35.398483,34.601517,35.056927,32.384373,31985843
2019-08-07,34.772297,34.895638,34.02277,34.705883,32.060089,32017253
2019-08-08,34.819733,35.056927,34.724857,34.981026,32.314259,23356429
2019-08-09,34.886147,34.943073,34.25996,34.487667,31.858511,25391703
2019-08-12,34.449715,34.459202,32.9981,33.576851,31.017134,44212665
2019-08-13,33.614799,33.97533,33.349148,33.396584,30.850607,45549453
2019-08-14,33.140415,33.187855,32.447819,32.485767,30.009224,38633421
2019-08-15,32.542694,32.80835,32.229603,32.71347,30.219572,30713665
2019-08-16,32.941177,33.21632,32.722961,32.874763,30.368565,30012334
2019-08-19,33.092979,33.510437,33.04554,33.377609,30.833073,21997296
2019-08-20,33.301708,33.358635,32.798862,32.836811,30.333506,19932510
2019-08-21,33.149906,33.320683,33.036053,33.083492,30.56138,19208728
2019-08-22,33.16888,33.425049,33.017078,33.28273,30.745434,16933142
2019-08-23,33.406071,33.538898,32.419353,32.580647,30.096872,27765311
2019-08-26,32.846298,33.074005,32.71347,33.055027,30.535086,17468680
2019-08-27,33.21632,33.292221,32.552181,32.580647,30.096872,24715351
2019-08-28,32.599621,33.349148,32.52372,33.28273,30.745434,26047924
2019-08-29,33.956356,33.956356,33.425049,33.519924,30.964544,19610302
2019-08-30,33.795067,33.889942,33.472485,33.728653,31.157362,18873346
2019-09-03,33.78558,34.421253,33.690701,34.269451,31.656929,26624989
2019-09-04,34.440228,34.535103,33.870968,33.994308,31.402761,20649441
2019-09-05,34.25996,34.611008,34.051231,34.478176,31.849751,22096794
2019-09-06,34.497154,34.696396,34.25996,34.629982,31.989979,20873416
2019-09-09,34.71537,34.95256,34.278938,34.943073,32.279202,24675616
2019-09-10,34.71537,35.464897,34.174572,35.464897,32.761246,32250397
2019-09-11,35.806454,35.825428,35.009487,35.493359,32.787533,16963181
2019-09-12,35.645161,35.6926,35.161289,35.370018,32.673595,16692303
2019-09-13,35.474384,35.673622,34.734344,35.018974,32.349316,24099605
2019-09-16,34.59203,35.123341,34.487667,34.943073,32.279202,19877070
2019-09-17,34.905125,34.914612,34.487667,34.629982,31.989979,22091945
2019-09-18,34.696396,34.838711,34.402279,34.516129,31.884802,19679550
2019-09-19,34.554081,34.886147,34.478176,34.639469,31.998741,17746409
2019-09-20,35,35.341557,34.611008,34.810246,32.156494,45990658
2019-09-23,34.516129,34.71537,34.373814,34.383301,31.762102,17295191
2019-09-24,34.411766,34.705883,34.136623,34.165085,31.560514,24186560
2019-09-25,34.07021,34.487667,33.870968,34.060722,31.464111,20269685
2019-09-26,34.222012,34.383301,33.747627,33.946869,31.358936,17059728
2019-09-27,34.02277,34.478176,33.889942,34.364326,31.744577,17583671
2019-09-30,34.421253,34.449715,34.079697,34.089184,31.490404,17205391
2019-10-01,34.089184,34.174572,33.614799,33.614799,31.052181,22013001
2019-10-02,33.45351,33.462997,32.884251,32.922199,30.412388,22458000
2019-10-03,32.93169,33.652752,32.827324,33.633778,31.069715,22076135
2019-10-04,33.671726,34.136623,33.633778,34.089184,31.490404,18065349
2019-10-07,33.984821,34.402279,33.965843,33.994308,31.402761,11759373
2019-10-08,33.823528,34.041744,33.605312,33.614799,31.052181,14761270
2019-10-09,33.823528,34.051231,33.709679,33.861481,31.280054,13634333
2019-10-10,33.842506,34.165085,33.776093,33.956356,31.367702,12198680
2019-10-11,34.288425,34.705883,34.222012,34.25996,31.648165,18446054
2019-10-14,34.3074,34.487667,34.136623,34.440228,31.814692,8700981
2019-10-15,34.582542,34.857685,34.544594,34.629982,31.989979,15178232
2019-10-16,34.753323,34.867172,34.459202,34.478176,31.849751,14435795
2019-10-17,34.620495,34.924099,34.506641,34.59203,31.95492,15312090
2019-10-18,34.563568,34.819733,34.487667,34.59203,31.95492,14219198
2019-10-21,34.772297,34.800758,34.497154,34.59203,31.95492,13237081
2019-10-22,34.544594,34.819733,34.392788,34.563568,31.928629,14549416
2019-10-23,34.449715,34.895638,34.364326,34.886147,32.226612,14000598
2019-10-24,34.867172,34.95256,34.402279,34.525616,31.893566,19998385
2019-10-25,34.535103,34.990513,34.449715,34.886147,32.226612,17497665
2019-10-28,34.971539,35.559772,34.933586,35.370018,32.673595,25800339
2019-10-29,36.053131,36.774193,35.97723,36.252373,33.488686,32212032
2019-10-30,36.442123,36.83112,36.337761,36.508537,33.725319,22019430
2019-10-31,36.423149,36.603416,36.223907,36.404175,33.628914,24539860
2019-11-01,36.707779,36.944973,36.423149,36.423149,33.646439,19263220
2019-11-04,36.726753,36.755219,36.081593,36.081593,33.330925,17709730
2019-11-05,36.081593,36.148006,35.550285,35.559772,32.848881,21688474
2019-11-06,35.683113,35.796963,35.436432,35.683113,32.962822,18757722
2019-11-07,35.483871,35.654648,34.990513,35.018974,32.661953,22727297
2019-11-08,34.990513,35.256168,34.943073,35.151802,32.785843,26626886
2019-11-11,35.018974,35.113853,34.867172,35.037952,32.679649,12542916
2019-11-12,34.943073,35.189754,34.819733,35.075901,32.71505,13338370
2019-11-13,35.056927,35.056927,34.440228,34.724857,32.38763,25855252
2019-11-14,34.686909,34.876659,34.459202,34.677418,32.343384,25190600
2019-11-15,34.753323,35.550285,34.648956,35.370018,32.989365,36378810
2019-11-18,35.474384,35.521824,35.066414,35.313091,32.936279,18084532
2019-11-19,35.512333,35.749527,35.40797,35.730549,33.325634,26475110
2019-11-20,35.645161,35.759014,35.113853,35.151802,32.785843,19947582
2019-11-21,35.303604,35.996204,35.142315,35.806454,33.396427,20942664
2019-11-22,35.853889,36.442123,35.759014,36.366222,33.918514,25544006
2019-11-25,36.508537,36.888046,36.480076,36.698292,34.228233,31592385
2019-11-26,36.565464,36.612904,36.100571,36.328274,33.883129,34620633
2019-11-27,36.413662,36.726753,36.366222,36.650852,34.183994,19201034
2019-11-29,36.565464,36.888046,36.537003,36.54649,34.086655,9793873
2019-12-02,36.802658,36.812145,36.290321,36.328274,33.883129,15645998
2019-12-03,36.015179,36.242886,35.901329,36.100571,33.67075,20869832
2019-12-04,36.271347,36.299809,35.948769,36.185959,33.750389,14501248
2019-12-05,36.404175,36.404175,35.853889,36.081593,33.653049,13098058
2019-12-06,36.318787,36.54649,36.26186,36.328274,33.883129,12868708
2019-12-09,36.148006,36.413662,36.148006,36.356735,33.909672,15641571
2019-12-10,36.309299,36.603416,36.233398,36.508537,34.051258,19171311
2019-12-11,36.404175,36.593929,36.242886,36.26186,33.821186,15569372
2019-12-12,36.21442,36.641365,36.21442,36.565464,34.104347,13414469
2019-12-13,36.54649,36.698292,36.119545,36.366222,33.918514,16678496
2019-12-16,36.71727,37.381405,36.679317,37.134724,34.6353,24187824
2019-12-17,37.419353,37.419353,36.850094,36.907021,34.422924,29038016
2019-12-18,37.011387,37.077801,36.660343,36.897533,34.414074,27339390
2019-12-19,37.0019,37.144215,36.821632,36.973434,34.484867,22022276
2019-12-20,37.333965,37.514233,36.973434,37.220116,34.714943,58199772
2019-12-23,37.400379,37.495255,37.125237,37.305504,34.794579,17454345
2019-12-24,37.314991,37.419353,37.19165,37.277039,34.768032,5187683
2019-12-26,37.28653,37.542694,37.19165,37.362431,34.847679,9384078
2019-12-27,37.409866,37.590134,37.23909,37.305504,34.794579,10117662
2019-12-30,37.28653,37.400379,36.897533,36.916508,34.43177,11554264
2019-12-31,36.802658,37.19165,36.726753,37.172676,34.670696,15175703
2020-01-02,37.28653,37.333965,36.888046,37.134724,34.6353,16514072
2020-01-03,36.736244,37.229603,36.688805,36.935486,34.449467,14922848
2020-01-06,36.83112,37.0019,36.71727,36.888046,34.40522,15771951
2020-01-07,37.115749,37.125237,36.698292,36.764706,34.29018,20108107
2020-01-08,36.774193,37.210625,36.764706,37.058823,34.564507,16403507
2020-01-09,37.258064,37.258064,36.802658,36.897533,34.414074,21971895
2020-01-10,36.982922,37.599621,36.973434,37.466793,34.945015,21557357
2020-01-13,37.590134,37.732449,37.201138,37.390892,34.874222,15392405
2020-01-14,37.409866,38.026566,37.28653,38.017078,35.458263,20919160
2020-01-15,38.130932,38.776093,38.111954,38.586338,35.989208,23925800
2020-01-16,38.700191,38.709679,38.254269,38.529411,35.936115,16216422
2020-01-17,38.491463,38.719166,38.349148,38.434536,35.847622,23083970
2020-01-21,38.311195,38.576851,38.130932,38.273247,35.697189,23115696
2020-01-22,38.254269,38.339657,37.922199,38.130932,35.564453,18097812
2020-01-23,38.130932,38.73814,38.074005,38.624287,36.024597,27148510
2020-01-24,38.842506,38.870968,37.609108,37.779884,35.237034,34143698
2020-01-27,37.390892,38.358635,37.23909,38.102467,35.537899,31964026
2020-01-28,37.305504,37.466793,36.005692,36.185959,33.750389,70202408
2020-01-29,36.166985,36.413662,35.626186,35.654648,33.254837,34165726
2020-01-30,35.199242,35.265656,34.810246,35.170776,33.138626,32316589
2020-01-31,35.04744,35.531307,35.009487,35.332069,33.290596,33894005
2020-02-03,35.540798,36.091084,35.388992,35.588234,33.53196,20875735
2020-02-04,36.129032,36.280834,35.702087,35.759014,33.692875,31150865
2020-02-05,35.910816,36.593929,35.882355,36.21442,34.121964,29443490
2020-02-06,36.470589,36.527515,36.081593,36.299809,34.202419,21047748
2020-02-07,36.394688,36.432636,35.986717,36.100571,34.014698,21903596
2020-02-10,36.252373,36.26186,35.787476,35.872864,33.800148,19998385
2020-02-11,35.948769,36.176472,35.825428,36.138519,34.050449,16027335
2020-02-12,36.138519,36.233398,35.787476,35.806454,33.737576,22944315
2020-02-13,35.654648,35.654648,35,35.037952,33.013474,22099745
2020-02-14,35.075901,35.142315,34.554081,34.639469,32.63802,21006747
2020-02-18,34.677418,34.791271,34.411766,34.459202,32.468166,17988513
2020-02-19,34.535103,34.629982,34.354839,34.373814,32.387714,17750941
2020-02-20,33.880455,34.212524,33.595825,34.013283,32.048008,42953135
2020-02-21,33.927895,33.984821,33.709679,33.889942,31.931797,32425256
2020-02-24,33.244781,33.586338,32.827324,32.893738,30.993153,37969296
2020-02-25,32.903225,32.960152,31.982922,32.19165,30.331631,41878898
2020-02-26,32.485767,33.406071,32.277039,32.941177,31.037851,47920005
2020-02-27,32.675522,33.880455,32.35294,32.35294,30.483603,55444827
2020-02-28,31.774195,32.201138,30.863379,31.707781,29.875721,66057447
2020-03-02,32.172676,33.159393,31.736242,33.092979,31.180882,42034469
2020-03-03,33.377609,33.946869,32.125237,32.542694,30.662392,46174475
2020-03-04,33.301708,34.59203,33.159393,34.535103,32.539684,38712155
2020-03-05,33.823528,34.326378,33.358635,33.643265,31.699366,35096303
2020-03-06,32.922199,33.368122,32.371918,33.225807,31.306032,40931036
2020-03-09,31.745731,32.912712,31.461102,32.030361,30.179663,43183856
2020-03-10,32.798862,32.884251,31.318787,32.817837,30.921638,40548329
2020-03-11,32.030361,32.144215,30.037951,30.521822,28.758286,65350213
2020-03-12,28.918406,30.360531,28.462997,28.481974,26.836298,62731445
2020-03-13,29.667933,31.195446,28.681213,31.034157,29.241016,60553038
2020-03-16,28.406073,30.626186,28.13093,28.633776,26.97933,50995050
2020-03-17,30.018974,30.97723,29.02277,30.512335,28.749346,54220606
2020-03-18,29.193548,30.93928,28.757116,30.702087,28.928135,43884976
2020-03-19,30.56926,30.597723,28.472486,28.861481,27.193878,59820929
2020-03-20,28.728653,29.098673,27.428843,27.52372,25.933413,52488989
2020-03-23,27.286528,28.064516,26.451612,27.030361,25.468559,52853041
2020-03-24,27.998102,28.510435,27.419355,28.178368,26.550234,44466784
2020-03-25,27.988615,29.146111,27.514231,28.225805,26.594933,44601275
2020-03-26,28.358635,30.351044,28.349146,30.123341,28.38283,43269967
2020-03-27,29.222012,30.113852,29.089184,29.316889,27.622972,38290344
2020-03-30,29.459204,31.166983,29.459204,30.996204,29.205256,29943508
2020-03-31,30.740038,31.309298,30.588236,30.967743,29.17844,29466151
2020-04-01,30.28463,30.626186,29.914612,30.123341,28.38283,26709625
2020-04-02,30.265656,31.309298,30.123341,31.185959,29.38405,27186876
2020-04-03,30.958254,32.153702,30.958254,31.91651,30.07239,32837370
2020-04-06,32.182163,33.111954,32.049335,32.798862,30.903759,40503217
2020-04-07,33.206833,33.368122,31.86907,31.888046,30.04557,24226295
2020-04-08,32.248577,33.017078,31.726755,32.827324,30.930576,25523980
2020-04-09,33.235294,33.937382,33.064514,33.576851,31.636797,30648107
2020-04-13,34.117645,34.136623,32.941177,33.339657,31.413311,18270141
2020-04-14,34.089184,34.753323,33.529411,34.573055,32.575443,21845309
2020-04-15,34.212524,34.373814,33.757114,34.127136,32.155285,21312196
2020-04-16,34.269451,34.402279,33.757114,34.041744,32.074829,20657451
2020-04-17,34.629982,35.104362,34.25996,35.018974,32.995594,24404843
2020-04-20,34.516129,35.018974,34.231499,34.231499,32.253616,22530620
2020-04-21,33.946869,34.089184,33.557877,33.795067,31.8424,23975233
2020-04-22,35.066414,35.104362,34.269451,34.392788,32.405586,20182624
2020-04-23,34.421253,35.483871,34.421253,34.810246,32.79892,20185365
2020-04-24,34.95256,35.512333,34.895638,35.464897,33.415752,17353794
2020-04-27,35.664139,36.565464,35.645161,36.366222,34.264992,23394057
2020-04-28,37.049335,37.210625,35.464897,35.967743,33.889545,35666728
2020-04-29,36.489563,36.574951,35.777988,36.166985,34.077274,26518535
2020-04-30,36.053131,36.537003,35.445919,36.394688,34.291821,29450973
2020-05-01,35.910816,35.996204,35.474384,35.711575,33.648178,22679867
2020-05-04,35.673622,35.97723,35.493359,35.6926,33.630299,19893512
2020-05-05,36.821632,36.869068,36.309299,36.537003,34.425911,24123952
2020-05-06,36.973434,37.011387,36.537003,36.537003,34.425911,24047432
2020-05-07,36.442123,36.518028,35,35.066414,33.369568,33546080
2020-05-08,35.341557,35.464897,35.142315,35.313091,33.604313,19893618
2020-05-11,35.341557,36.252373,35.256168,36.148006,34.398827,25620421
2020-05-12,36.166985,36.280834,35.426945,35.445919,33.730713,19335314
2020-05-13,35.398483,35.502846,34.71537,35.151802,33.450825,24596882
2020-05-14,34.914612,36.015179,34.895638,35.97723,34.236309,22362507
2020-05-15,36.015179,36.21442,35.474384,35.825428,34.091854,25460002
2020-05-18,36.375713,36.489563,35.702087,36.119545,34.371742,22635177
2020-05-19,35.910816,36.072105,35.398483,35.749527,34.019627,19476234
2020-05-20,36.005692,36.242886,35.626186,35.702087,33.974483,17504200
2020-05-21,35.645161,35.721062,35.151802,35.351044,33.640427,17652181
2020-05-22,35.208729,35.607212,35.066414,35.578747,33.857109,15781226
2020-05-26,35.721062,35.92979,35.531307,35.56926,33.848083,23260094
2020-05-27,35.493359,35.616699,35.075901,35.493359,33.775856,25904158
2020-05-28,35.901329,36.470589,35.787476,36.223907,34.47105,22521767
2020-05-29,36.309299,36.461102,35.654648,36.233398,34.480087,48333067
2020-06-01,33.681213,33.899429,33.121441,33.643265,32.015285,76884979
2020-06-02,33.709679,34.3074,33.444023,34.3074,32.647282,42690900
2020-06-03,34.43074,34.544594,33.719166,34.3074,32.647282,38751996
2020-06-04,33.880455,34.43074,33.870968,34.165085,32.511856,27013388
2020-06-05,34.383301,34.620495,34.041744,34.146111,32.493797,36705655
2020-06-08,33.965843,34.724857,33.851994,34.71537,33.035511,30194149
2020-06-09,34.629982,34.781784,34.316887,34.354839,32.692425,21675088
2020-06-10,34.497154,34.582542,34.051231,34.079697,32.430599,29557217
2020-06-11,33.776093,33.851994,31.574953,31.593927,30.065113,63166642
2020-06-12,32.333965,32.35294,31.356735,32.020874,30.471401,37902472
2020-06-15,31.593927,31.992411,31.081594,31.650854,30.119284,36247482
2020-06-16,31.86907,32.220116,31.043644,31.688805,30.155397,55616945
2020-06-17,31.86907,32.039848,31.612904,31.840607,30.299856,27509822
2020-06-18,31.565466,31.755219,31.290323,31.537003,30.010946,32278855
2020-06-19,31.963947,32.011387,31.423149,31.707781,30.173458,43986266
2020-06-22,31.622391,31.650854,31.223909,31.413662,29.89357,23332503
2020-06-23,31.49905,31.54649,31.062618,31.091082,29.586603,37690408
2020-06-24,31.034157,31.053131,30.360531,30.540796,29.062944,30817695
2020-06-25,30.464895,30.721064,30.199242,30.664137,29.180315,27418651
2020-06-26,30.597723,30.626186,29.990513,30.398481,28.927515,42153992
2020-06-29,30.796965,30.996204,30.550285,30.967743,29.469229,23956261
2020-06-30,30.863379,31.195446,30.578749,31.024668,29.523399,25451676
2020-07-01,32.770397,32.770397,31.992411,32.011387,30.462372,73503009
2020-07-02,32.846298,33.064514,32.296017,32.741936,31.15757,45270881
2020-07-06,33.159393,33.197342,32.618595,32.741936,31.15757,27150935
2020-07-07,32.305504,32.590134,32.220116,32.28653,30.724201,25148018
2020-07-08,32.267551,32.609108,31.850096,32.020874,30.471401,24256545
2020-07-09,32.0019,32.144215,31.404175,31.745731,30.20957,20363702
2020-07-10,31.935484,32.296017,31.774195,32.096775,30.543629,24459019
2020-07-13,32.950665,33.889942,32.751423,33.406071,31.789568,56569129
2020-07-14,33.557877,33.605312,33.092979,33.425049,31.807625,32854129
2020-07-15,34.146111,34.155598,33.652752,33.889942,32.250027,26294454
2020-07-16,33.776093,33.814041,33.45351,33.776093,32.141685,18421812
2020-07-17,34.02277,34.468693,33.899429,34.392788,32.728539,23347365
2020-07-20,35.56926,35.6926,34.459202,34.629982,32.954254,36815693
2020-07-21,35.04744,35.180267,34.648956,34.810246,33.125793,23588520
2020-07-22,36.271347,36.745731,35.597721,36.584438,34.814133,90705554
2020-07-23,37.220116,37.400379,36.223907,36.442123,34.678711,59639536
2020-07-24,36.081593,36.195446,35.417458,35.730549,34.001568,33870501
2020-07-27,35.445919,35.815941,35.322582,35.616699,33.893223,27640307
2020-07-28,36.565464,37.324478,36.110058,37.020874,35.229454,56393954
2020-07-29,37.28653,37.428844,36.480076,37.248577,35.44614,37033660
2020-07-30,36.318787,36.944973,36.242886,36.755219,35.318501,32273796
2020-07-31,36.318787,36.764706,35.920303,36.508537,35.081463,28472124
2020-08-03,36.631878,36.679317,36.26186,36.385201,34.962952,31036400
2020-08-04,36.347248,36.698292,36.138519,36.423149,34.999413,29448549
2020-08-05,36.49905,36.555977,36.176472,36.480076,35.054111,24292697
2020-08-06,36.78368,37.096775,36.195446,36.309299,34.890015,20922111
2020-08-07,36.337761,36.641365,36.204933,36.480076,35.054111,23097251
2020-08-10,36.574951,36.679317,36.299809,36.423149,34.999413,19964552
2020-08-11,36.584438,36.603416,35.74004,35.853889,34.452404,21326847
2020-08-12,35.891842,36.574951,35.872864,36.366222,34.94471,19957595
2020-08-13,36.119545,36.223907,35.939278,36.21442,34.79884,15340021
2020-08-14,36.062618,36.423149,35.986717,36.110058,34.698563,12901276
2020-08-17,36.091084,36.442123,36.005692,36.385201,34.962952,17494187
2020-08-18,36.480076,36.489563,36.21442,36.394688,34.972065,10846398
2020-08-19,36.508537,36.631878,36.166985,36.299809,34.880898,15690055
2020-08-20,36.223907,36.802658,36.176472,36.736244,35.30027,21957455
2020-08-21,36.916508,37.0019,36.593929,36.888046,35.44614,25467170
2020-08-24,37.020874,37.039848,36.565464,36.850094,35.409672,25011947
2020-08-25,36.537003,36.584438,36.005692,36.442123,35.017647,26221201
2020-08-26,36.233398,36.309299,35.730549,36.100571,34.689442,24083689
2020-08-27,36.015179,36.053131,35.749527,35.920303,34.516224,22156556
2020-08-28,35.92979,36.110058,35.483871,35.967743,34.561813,32830519
2020-08-31,35.901329,36.072105,35.578747,35.853889,34.452404,30032465
2020-09-01,35.853889,35.882355,34.639469,34.990513,33.622776,36145560
2020-09-02,34.886147,35.388992,34.535103,35.294117,33.914513,29068688
2020-09-03,35.455406,35.56926,34.250473,34.535103,33.185173,35956788
2020-09-04,34.620495,34.753323,34.032257,34.497154,33.148708,26872257
2020-09-08,34.658443,34.734344,33.851994,34.089184,32.756683,26736818
2020-09-09,34.43074,34.772297,34.288425,34.326378,32.984604,27490533
2020-09-10,34.345352,34.459202,33.757114,33.823528,32.501408,21650741
2020-09-11,33.908916,34.25996,33.633778,34.222012,32.884315,24109301
2020-09-14,34.497154,35.616699,34.421253,35.113853,33.741295,29565543
2020-09-15,35.28463,35.436432,34.924099,35.066414,33.695713,22003726
2020-09-16,35.370018,35.398483,34.838711,34.895638,33.531612,22208412
2020-09-17,34.895638,35.075901,34.677418,34.933586,33.568077,17894390
2020-09-18,34.895638,35.170776,34.696396,34.753323,33.394859,31694623
2020-09-21,34.506641,34.611008,33.567364,34.174572,32.838734,26608968
2020-09-22,33.97533,34.468693,33.908916,34.392788,33.048416,22727297
2020-09-23,34.478176,34.516129,34.127136,34.155598,32.820499,23102521
2020-09-24,34.108158,34.193546,33.719166,33.927895,32.601696,20859925
2020-09-25,33.719166,34.297913,33.700191,34.203037,32.866085,14365598
2020-09-28,34.3074,34.705883,34.3074,34.525616,33.176052,15044269
2020-09-29,34.563568,34.667931,34.184059,34.316887,32.975479,13512491
2020-09-30,34.411766,35.066414,34.392788,34.819733,33.458672,22629275
2020-10-01,35.018974,35.189754,34.3074,34.506641,33.157818,22520396
2020-10-02,34.212524,34.781784,34.184059,34.516129,33.166935,21461759
2020-10-05,34.658443,34.990513,34.478176,34.867172,33.504257,19400029
2020-10-06,35.104362,35.132828,34.240986,34.316887,32.975479,25233392
2020-10-07,34.402279,34.71537,34.184059,34.601517,33.248985,22160034
2020-10-08,34.724857,35.275143,34.639469,35,33.631893,17857395
2020-10-09,34.943073,35.218216,34.71537,34.905125,33.540726,23667465
2020-10-12,34.819733,35.275143,34.601517,34.933586,33.568077,19413837
2020-10-13,34.791271,35.227703,34.753323,35.009487,33.64101,21543233
2020-10-14,35.113853,35.388992,34.696396,34.971539,33.604546,22120298
2020-10-15,34.753323,34.857685,34.544594,34.677418,33.321922,16089205
2020-10-16,35.170776,36.166985,35.123341,36.005692,34.598274,42993503
2020-10-19,36.451614,36.859585,35.711575,35.863377,34.461525,31931352
2020-10-20,35.92979,35.948769,35.436432,35.56926,34.178905,22384852
2020-10-21,35.436432,35.531307,35.161289,35.180267,33.805115,18984859
2020-10-22,35.180267,35.645161,35.132828,35.512333,34.124199,19243616
2020-10-23,35.986717,36.318787,35.721062,36.223907,34.807961,30557884
2020-10-26,35.92979,36.072105,35.559772,35.97723,34.570923,33783124
2020-10-27,35.142315,36.166985,34.981026,35.512333,34.124199,36851529
2020-10-28,34.914612,35.227703,33.510437,33.633778,32.319077,33857537
2020-10-29,33.662239,33.814041,32.827324,33.472485,32.164085,27545341
2020-10-30,33.434536,33.709679,33.055027,33.662239,32.346424,25631067
2020-11-02,34.089184,34.392788,33.719166,34.373814,33.030186,21430666
2020-11-03,34.563568,34.743832,34.231499,34.335861,32.993713,21636617
2020-11-04,35.161289,36.166985,35.066414,35.417458,34.033035,40870536
2020-11-05,35.341557,35.388992,34.525616,34.525616,33.517239,33926995
2020-11-06,34.525616,34.838711,34.240986,34.535103,33.526451,23870676
2020-11-09,39.71537,39.838711,36.413662,37.19165,36.105412,230153864
2020-11-10,38.377609,38.462997,36.489563,36.698292,35.626461,80091668
2020-11-11,36.888046,38.140415,35.958256,36.527515,35.46067,58980997
2020-11-12,36.318787,36.375713,35.332069,35.626186,34.585667,46767877
2020-11-13,35.92979,36.679317,35.777988,36.641365,35.571194,40175634
2020-11-16,35.920303,36.005692,34.962048,35.417458,34.383038,75530167
2020-11-17,36.490002,36.5,35.82,36.040001,34.987392,46984500
2020-11-18,36.93,37.419998,36.299999,36.32,35.259216,63442700
2020-11-19,36.599998,36.630001,35.860001,36.189999,35.133011,43261800
2020-11-20,36.700001,37.310001,36.439999,36.700001,35.628117,60633800
2020-11-23,37.029999,37.09,36.209999,36.52,35.453377,43673100
2020-11-24,36.130001,36.740002,36.02,36.599998,35.531036,42485300
2020-11-25,36.529999,36.560001,36.240002,36.529999,35.463081,26955800
2020-11-27,36.779999,37.259998,36.75,37.23,36.142635,25277000
2020-11-30,37.950001,38.799999,37.599998,38.310001,37.191097,65425900
2020-12-01,39.400002,40.5,39.009998,39.41,38.258972,72499700
2020-12-02,40.470001,41.41,40.299999,40.799999,39.608372,84347500
2020-12-03,40.98,41.029999,39.52,40.09,38.919109,68570100
2020-12-04,39.889999,40.450001,39.889999,40.34,39.161808,35368100
2020-12-07,40.66,41.400002,40.369999,41.25,40.045227,48253700
2020-12-08,41.400002,42.77,41.349998,42.560001,41.316971,87039300
2020-12-09,43.07,43.080002,41.130001,41.849998,40.627701,86118500
2020-12-10,41.82,42.220001,41.450001,41.73,40.511208,57749200
2020-12-11,41.970001,42.07,40.689999,41.119999,39.919025,60737000
2020-12-14,41.619999,41.66,39.07,39.209999,38.064808,94809700
2020-12-15,39.060001,39.18,38.209999,38.709999,37.579414,65712800
2020-12-16,38.18,38.470001,37.740002,37.84,36.734825,56515300
2020-12-17,37.830002,38.119999,37.310001,38.029999,36.919273,52036400
2020-12-18,37.990002,38.09,37.5,37.68,36.579494,60259200
2020-12-21,37.279999,37.400002,36.91,37.380001,36.288258,40891800
2020-12-22,37.209999,37.330002,36.599998,36.740002,35.66695,33634400
2020-12-23,37.009998,37.650002,36.880001,37.439999,36.346504,36182000
2020-12-24,37.400002,37.57,37.18,37.27,36.181473,14790100
2020-12-28,37.360001,37.580002,36.68,36.82,35.744617,26993700
2020-12-29,36.900002,37.200001,36.790001,37.049999,35.967899,23152100
2020-12-30,37.029999,37.240002,36.700001,36.740002,35.66695,24889800
2020-12-31,36.66,36.919998,36.290001,36.810001,35.734909,30796500